packetnum,datetime,smac,dmac,sip,dip,sport,dport,datalen,data_sliced
1,2021-02-01 14:17,58:96:1d:61:e6:d0,88:3c:1c:7a:50:f5,172.30.1.53,27.0.236.25,80,50890,487, 47 45 54 20 2F 64 6E 2F
2,2021-02-01 14:17,88:3c:1c:7a:50:f5,58:96:1d:61:e6:d0,27.0.236.25,172.30.1.53,50890,80,3814, C4 9F FC 85 5B DE 01 FD
3,2021-02-01 14:17,58:96:1d:61:e6:d0,88:3c:1c:7a:50:f5,172.30.1.53,117.18.237.29,80,50957,709, 47 45 54 20 2F 4D 46 45
4,2021-02-01 14:17,88:3c:1c:7a:50:f5,58:96:1d:61:e6:d0,117.18.237.29,172.30.1.53,50957,80,2398, 48 54 54 50 2F 31 2E 31
5,2021-02-01 14:17,58:96:1d:61:e6:d0,88:3c:1c:7a:50:f5,172.30.1.53,210.102.100.235,80,50969,1612, 47 45 54 20 2F 64 6F 63
6,2021-02-01 14:17,58:96:1d:61:e6:d0,88:3c:1c:7a:50:f5,172.30.1.53,210.102.100.235,80,50968,1354, 47 45 54 20 2F 66 61 76
7,2021-02-01 14:17,88:3c:1c:7a:50:f5,58:96:1d:61:e6:d0,210.102.100.235,172.30.1.53,50968,80,247, 48 54 54 50 2F 31 2E 31
8,2021-02-01 14:18,88:3c:1c:7a:50:f5,58:96:1d:61:e6:d0,210.102.100.235,172.30.1.53,50969,80,2800, 30 30 32 30 31 20 30 30
9,2021-02-01 14:18,58:96:1d:61:e6:d0,88:3c:1c:7a:50:f5,172.30.1.53,218.54.130.30,80,51080,1762, 47 45 54 20 2F 20 48 54
10,2021-02-01 14:18,88:3c:1c:7a:50:f5,58:96:1d:61:e6:d0,218.54.130.30,172.30.1.53,51080,80,1, 
11,2021-02-01 14:18,58:96:1d:61:e6:d0,88:3c:1c:7a:50:f5,172.30.1.53,218.54.130.30,80,51083,2071, 47 45 54 20 2F 6D 61 69
12,2021-02-01 14:18,88:3c:1c:7a:50:f5,58:96:1d:61:e6:d0,218.54.130.30,172.30.1.53,51083,80,1, 
13,2021-02-01 14:18,58:96:1d:61:e6:d0,88:3c:1c:7a:50:f5,172.30.1.53,218.54.130.30,80,51082,1903, 47 45 54 20 2F 71 6E 65
14,2021-02-01 14:18,88:3c:1c:7a:50:f5,58:96:1d:61:e6:d0,218.54.130.30,172.30.1.53,51082,80,334, 48 54 54 50 2F 31 2E 31
15,2021-02-01 14:18,58:96:1d:61:e6:d0,88:3c:1c:7a:50:f5,172.30.1.53,218.54.130.30,80,51084,1975, 47 45 54 20 2F 71 6E 65
16,2021-02-01 14:18,58:96:1d:61:e6:d0,88:3c:1c:7a:50:f5,172.30.1.53,218.54.130.30,80,51085,1912, 47 45 54 20 2F 71 6E 65
17,2021-02-01 14:18,88:3c:1c:7a:50:f5,58:96:1d:61:e6:d0,218.54.130.30,172.30.1.53,51084,80,334, 48 54 54 50 2F 31 2E 31
18,2021-02-01 14:18,88:3c:1c:7a:50:f5,58:96:1d:61:e6:d0,218.54.130.30,172.30.1.53,51085,80,334, 48 54 54 50 2F 31 2E 31
19,2021-02-01 14:18,58:96:1d:61:e6:d0,88:3c:1c:7a:50:f5,172.30.1.53,218.54.130.120,80,51086,2113, 47 45 54 20 2F 77 6C 63
20,2021-02-01 14:18,88:3c:1c:7a:50:f5,58:96:1d:61:e6:d0,218.54.130.120,172.30.1.53,51086,80,595, 48 54 54 50 2F 31 2E 31
21,2021-02-01 14:18,58:96:1d:61:e6:d0,88:3c:1c:7a:50:f5,172.30.1.53,218.54.130.30,80,51087,1915, 47 45 54 20 2F 48 52 44
22,2021-02-01 14:18,88:3c:1c:7a:50:f5,58:96:1d:61:e6:d0,218.54.130.30,172.30.1.53,51087,80,3658, 75 2E FF CA B4 95 FF F7
23,2021-02-01 14:18,58:96:1d:61:e6:d0,88:3c:1c:7a:50:f5,172.30.1.53,218.54.130.30,80,51089,3226, 47 45 54 20 2F 6D 61 6E
24,2021-02-01 14:18,58:96:1d:61:e6:d0,88:3c:1c:7a:50:f5,172.30.1.53,218.54.130.120,80,51091,2149, 47 45 54 20 2F 77 6C 63
25,2021-02-01 14:18,88:3c:1c:7a:50:f5,58:96:1d:61:e6:d0,218.54.130.120,172.30.1.53,51091,80,595, 48 54 54 50 2F 31 2E 31
26,2021-02-01 14:18,88:3c:1c:7a:50:f5,58:96:1d:61:e6:d0,218.54.130.30,172.30.1.53,51089,80,1, 
27,2021-02-01 14:18,58:96:1d:61:e6:d0,88:3c:1c:7a:50:f5,172.30.1.53,218.54.130.30,80,51090,2374, 50 4F 53 54 20 2F 72 63
28,2021-02-01 14:18,58:96:1d:61:e6:d0,88:3c:1c:7a:50:f5,172.30.1.53,218.54.130.30,80,51093,2425, 50 4F 53 54 20 2F 6D 61
29,2021-02-01 14:18,58:96:1d:61:e6:d0,88:3c:1c:7a:50:f5,172.30.1.53,218.54.130.30,80,51092,2419, 50 4F 53 54 20 2F 6D 61
30,2021-02-01 14:18,58:96:1d:61:e6:d0,88:3c:1c:7a:50:f5,172.30.1.53,218.54.130.30,80,51094,2344, 50 4F 53 54 20 2F 6D 61
31,2021-02-01 14:18,88:3c:1c:7a:50:f5,58:96:1d:61:e6:d0,218.54.130.30,172.30.1.53,51090,80,1, 
32,2021-02-01 14:18,88:3c:1c:7a:50:f5,58:96:1d:61:e6:d0,218.54.130.30,172.30.1.53,51094,80,1, 
33,2021-02-01 14:18,88:3c:1c:7a:50:f5,58:96:1d:61:e6:d0,218.54.130.30,172.30.1.53,51093,80,1, 
34,2021-02-01 14:18,88:3c:1c:7a:50:f5,58:96:1d:61:e6:d0,218.54.130.30,172.30.1.53,51092,80,1, 
35,2021-02-01 14:18,58:96:1d:61:e6:d0,88:3c:1c:7a:50:f5,172.30.1.53,218.54.130.30,80,51095,2341, 50 4F 53 54 20 2F 6D 61
36,2021-02-01 14:18,58:96:1d:61:e6:d0,88:3c:1c:7a:50:f5,172.30.1.53,218.54.130.30,80,51096,2008, 47 45 54 20 2F 71 6E 65
37,2021-02-01 14:18,58:96:1d:61:e6:d0,88:3c:1c:7a:50:f5,172.30.1.53,218.54.130.30,80,51097,1996, 47 45 54 20 2F 71 6E 65
38,2021-02-01 14:18,58:96:1d:61:e6:d0,88:3c:1c:7a:50:f5,172.30.1.53,218.54.130.30,80,51098,2002, 47 45 54 20 2F 71 6E 65
39,2021-02-01 14:18,58:96:1d:61:e6:d0,88:3c:1c:7a:50:f5,172.30.1.53,218.54.130.30,80,51100,2002, 47 45 54 20 2F 71 6E 65
40,2021-02-01 14:18,88:3c:1c:7a:50:f5,58:96:1d:61:e6:d0,218.54.130.30,172.30.1.53,51096,80,3994, 48 54 54 50 2F 31 2E 31
41,2021-02-01 14:18,58:96:1d:61:e6:d0,88:3c:1c:7a:50:f5,172.30.1.53,218.54.130.30,80,51099,2002, 47 45 54 20 2F 71 6E 65
42,2021-02-01 14:18,58:96:1d:61:e6:d0,88:3c:1c:7a:50:f5,172.30.1.53,218.54.130.30,80,51101,2002, 47 45 54 20 2F 71 6E 65
43,2021-02-01 14:18,88:3c:1c:7a:50:f5,58:96:1d:61:e6:d0,218.54.130.30,172.30.1.53,51095,80,1, 
44,2021-02-01 14:18,88:3c:1c:7a:50:f5,58:96:1d:61:e6:d0,218.54.130.30,172.30.1.53,51100,80,1780, AE 69 C9 7B A4 DC C7 77
45,2021-02-01 14:18,88:3c:1c:7a:50:f5,58:96:1d:61:e6:d0,218.54.130.30,172.30.1.53,51098,80,2644, 9D 93 8F F2 DA D6 5A 36
46,2021-02-01 14:18,88:3c:1c:7a:50:f5,58:96:1d:61:e6:d0,218.54.130.30,172.30.1.53,51099,80,2659, B1 3C 17 31 72 65 E5 1C
47,2021-02-01 14:18,88:3c:1c:7a:50:f5,58:96:1d:61:e6:d0,218.54.130.30,172.30.1.53,51097,80,3001, 34 39 E6 2C 8C 37 3D 92
48,2021-02-01 14:18,88:3c:1c:7a:50:f5,58:96:1d:61:e6:d0,218.54.130.30,172.30.1.53,51101,80,826, C7 63 D2 D2 51 FB BF E0
